182453,Ribes uva-crispa,ForestDryPoor
182454,Ribes uva-crispa,ForestDryPoor
182455,Ribes uva-crispa,ForestDryPoor
182456,Ribes uva-crispa,ForestDryPoor
182457,Ribes uva-crispa,ForestDryPoor
182458,Ribes uva-crispa,ForestDryPoor
182459,Ribes uva-crispa,ForestDryPoor
182460,Ribes uva-crispa,ForestDryPoor
182461,Ribes uva-crispa,ForestDryPoor
182462,Ribes uva-crispa,ForestDryPoor
182463,Ribes uva-crispa,ForestDryPoor
182464,Ribes uva-crispa,ForestDryPoor
182465,Ribes uva-crispa,ForestDryPoor
182466,Ribes uva-crispa,ForestDryPoor
182467,Ribes uva-crispa,ForestDryPoor
182468,Ribes uva-crispa,ForestDryPoor
182469,Ribes uva-crispa,ForestDryPoor
182470,Ribes uva-crispa,ForestDryPoor
182471,Ribes uva-crispa,ForestDryPoor
182472,Ribes uva-crispa,ForestDryPoor
183052,Ribes uva-crispa,ForestDryPoor
183053,Ribes uva-crispa,ForestDryPoor
183054,Ribes uva-crispa,ForestDryPoor
183055,Ribes uva-crispa,ForestDryPoor
183056,Ribes uva-crispa,ForestDryPoor
183057,Ribes uva-crispa,ForestDryPoor
183058,Ribes uva-crispa,ForestDryPoor
183059,Ribes uva-crispa,ForestDryPoor
183060,Ribes uva-crispa,ForestDryPoor
183061,Ribes uva-crispa,ForestDryPoor
183062,Ribes uva-crispa,ForestDryPoor
183063,Ribes uva-crispa,ForestDryPoor
183064,Ribes uva-crispa,ForestDryPoor
183065,Ribes uva-crispa,ForestDryPoor
183066,Ribes uva-crispa,ForestDryPoor
183067,Ribes uva-crispa,ForestDryPoor
183068,Ribes uva-crispa,ForestDryPoor
183069,Ribes uva-crispa,ForestDryPoor
183070,Ribes uva-crispa,ForestDryPoor
183071,Ribes uva-crispa,ForestDryPoor
183651,Ribes uva-crispa,ForestDryPoor
183652,Ribes uva-crispa,ForestDryPoor
183653,Ribes uva-crispa,ForestDryPoor
183654,Ribes uva-crispa,ForestDryPoor
183655,Ribes uva-crispa,ForestDryPoor
183656,Ribes uva-crispa,ForestDryPoor
183657,Ribes uva-crispa,ForestDryPoor
183658,Ribes uva-crispa,ForestDryPoor
183659,Ribes uva-crispa,ForestDryPoor
183660,Ribes uva-crispa,ForestDryPoor
183661,Ribes uva-crispa,ForestDryPoor
183662,Ribes uva-crispa,ForestDryPoor
183663,Ribes uva-crispa,ForestDryPoor
183664,Ribes uva-crispa,ForestDryPoor
183665,Ribes uva-crispa,ForestDryPoor
183666,Ribes uva-crispa,ForestDryPoor
183667,Ribes uva-crispa,ForestDryPoor
183668,Ribes uva-crispa,ForestDryPoor
183669,Ribes uva-crispa,ForestDryPoor
183670,Ribes uva-crispa,ForestDryPoor
184250,Ribes uva-crispa,ForestDryPoor
184251,Ribes uva-crispa,ForestDryPoor
184252,Ribes uva-crispa,ForestDryPoor
184253,Ribes uva-crispa,ForestDryPoor
184254,Ribes uva-crispa,ForestDryPoor
184255,Ribes uva-crispa,ForestDryPoor
184256,Ribes uva-crispa,ForestDryPoor
184257,Ribes uva-crispa,ForestDryPoor
184258,Ribes uva-crispa,ForestDryPoor
184259,Ribes uva-crispa,ForestDryPoor
184260,Ribes uva-crispa,ForestDryPoor
184261,Ribes uva-crispa,ForestDryPoor
184262,Ribes uva-crispa,ForestDryPoor
184263,Ribes uva-crispa,ForestDryPoor
184264,Ribes uva-crispa,ForestDryPoor
184265,Ribes uva-crispa,ForestDryPoor
184266,Ribes uva-crispa,ForestDryPoor
184267,Ribes uva-crispa,ForestDryPoor
184268,Ribes uva-crispa,ForestDryPoor
184269,Ribes uva-crispa,ForestDryPoor
184849,Ribes uva-crispa,ForestDryPoor
184850,Ribes uva-crispa,ForestDryPoor
184851,Ribes uva-crispa,ForestDryPoor
184852,Ribes uva-crispa,ForestDryPoor
184853,Ribes uva-crispa,ForestDryPoor
184854,Ribes uva-crispa,ForestDryPoor
184855,Ribes uva-crispa,ForestDryPoor
184856,Ribes uva-crispa,ForestDryPoor
184857,Ribes uva-crispa,ForestDryPoor
184858,Ribes uva-crispa,ForestDryPoor
184859,Ribes uva-crispa,ForestDryPoor
184860,Ribes uva-crispa,ForestDryPoor
184861,Ribes uva-crispa,ForestDryPoor
184862,Ribes uva-crispa,ForestDryPoor
184863,Ribes uva-crispa,ForestDryPoor
184864,Ribes uva-crispa,ForestDryPoor
184865,Ribes uva-crispa,ForestDryPoor
184866,Ribes uva-crispa,ForestDryPoor
184867,Ribes uva-crispa,ForestDryPoor
184868,Ribes uva-crispa,ForestDryPoor
185448,Ribes uva-crispa,ForestDryPoor
185449,Ribes uva-crispa,ForestDryPoor
185450,Ribes uva-crispa,ForestDryPoor
185451,Ribes uva-crispa,ForestDryPoor
185452,Ribes uva-crispa,ForestDryPoor
185453,Ribes uva-crispa,ForestDryPoor
185454,Ribes uva-crispa,ForestDryPoor
185455,Ribes uva-crispa,ForestDryPoor
185456,Ribes uva-crispa,ForestDryPoor
185457,Ribes uva-crispa,ForestDryPoor
185458,Ribes uva-crispa,ForestDryPoor
185459,Ribes uva-crispa,ForestDryPoor
185460,Ribes uva-crispa,ForestDryPoor
185461,Ribes uva-crispa,ForestDryPoor
185462,Ribes uva-crispa,ForestDryPoor
185463,Ribes uva-crispa,ForestDryPoor
185464,Ribes uva-crispa,ForestDryPoor
185465,Ribes uva-crispa,ForestDryPoor
185466,Ribes uva-crispa,ForestDryPoor
185467,Ribes uva-crispa,ForestDryPoor
186047,Ribes uva-crispa,ForestDryPoor
186048,Ribes uva-crispa,ForestDryPoor
186049,Ribes uva-crispa,ForestDryPoor
186050,Ribes uva-crispa,ForestDryPoor
186051,Ribes uva-crispa,ForestDryPoor
186052,Ribes uva-crispa,ForestDryPoor
186053,Ribes uva-crispa,ForestDryPoor
186054,Ribes uva-crispa,ForestDryPoor
186055,Ribes uva-crispa,ForestDryPoor
186056,Ribes uva-crispa,ForestDryPoor
186057,Ribes uva-crispa,ForestDryPoor
186058,Ribes uva-crispa,ForestDryPoor
186059,Ribes uva-crispa,ForestDryPoor
186060,Ribes uva-crispa,ForestDryPoor
186061,Ribes uva-crispa,ForestDryPoor
186062,Ribes uva-crispa,ForestDryPoor
186063,Ribes uva-crispa,ForestDryPoor
186064,Ribes uva-crispa,ForestDryPoor
186065,Ribes uva-crispa,ForestDryPoor
186066,Ribes uva-crispa,ForestDryPoor
186646,Ribes uva-crispa,ForestDryPoor
186647,Ribes uva-crispa,ForestDryPoor
186648,Ribes uva-crispa,ForestDryPoor
186649,Ribes uva-crispa,ForestDryPoor
186650,Ribes uva-crispa,ForestDryPoor
186651,Ribes uva-crispa,ForestDryPoor
186652,Ribes uva-crispa,ForestDryPoor
186653,Ribes uva-crispa,ForestDryPoor
186654,Ribes uva-crispa,ForestDryPoor
186655,Ribes uva-crispa,ForestDryPoor
186656,Ribes uva-crispa,ForestDryPoor
186657,Ribes uva-crispa,ForestDryPoor
186658,Ribes uva-crispa,ForestDryPoor
186659,Ribes uva-crispa,ForestDryPoor
186660,Ribes uva-crispa,ForestDryPoor
186661,Ribes uva-crispa,ForestDryPoor
186662,Ribes uva-crispa,ForestDryPoor
186663,Ribes uva-crispa,ForestDryPoor
186664,Ribes uva-crispa,ForestDryPoor
186665,Ribes uva-crispa,ForestDryPoor
187245,Ribes uva-crispa,ForestDryPoor
187246,Ribes uva-crispa,ForestDryPoor
187247,Ribes uva-crispa,ForestDryPoor
187248,Ribes uva-crispa,ForestDryPoor
187249,Ribes uva-crispa,ForestDryPoor
187250,Ribes uva-crispa,ForestDryPoor
187251,Ribes uva-crispa,ForestDryPoor
187252,Ribes uva-crispa,ForestDryPoor
187253,Ribes uva-crispa,ForestDryPoor
187254,Ribes uva-crispa,ForestDryPoor
187255,Ribes uva-crispa,ForestDryPoor
187256,Ribes uva-crispa,ForestDryPoor
187257,Ribes uva-crispa,ForestDryPoor
187258,Ribes uva-crispa,ForestDryPoor
187259,Ribes uva-crispa,ForestDryPoor
187260,Ribes uva-crispa,ForestDryPoor
187261,Ribes uva-crispa,ForestDryPoor
187262,Ribes uva-crispa,ForestDryPoor
187263,Ribes uva-crispa,ForestDryPoor
187264,Ribes uva-crispa,ForestDryPoor
187844,Ribes uva-crispa,ForestDryPoor
187845,Ribes uva-crispa,ForestDryPoor
187846,Ribes uva-crispa,ForestDryPoor
187847,Ribes uva-crispa,ForestDryPoor
187848,Ribes uva-crispa,ForestDryPoor
187849,Ribes uva-crispa,ForestDryPoor
187850,Ribes uva-crispa,ForestDryPoor
187851,Ribes uva-crispa,ForestDryPoor
187852,Ribes uva-crispa,ForestDryPoor
187853,Ribes uva-crispa,ForestDryPoor
187854,Ribes uva-crispa,ForestDryPoor
187855,Ribes uva-crispa,ForestDryPoor
187856,Ribes uva-crispa,ForestDryPoor
187857,Ribes uva-crispa,ForestDryPoor
187858,Ribes uva-crispa,ForestDryPoor
187859,Ribes uva-crispa,ForestDryPoor
187860,Ribes uva-crispa,ForestDryPoor
187861,Ribes uva-crispa,ForestDryPoor
187862,Ribes uva-crispa,ForestDryPoor
187863,Ribes uva-crispa,ForestDryPoor
188443,Ribes uva-crispa,ForestDryPoor
188444,Ribes uva-crispa,ForestDryPoor
188445,Ribes uva-crispa,ForestDryPoor
188446,Ribes uva-crispa,ForestDryPoor
188447,Ribes uva-crispa,ForestDryPoor
188448,Ribes uva-crispa,ForestDryPoor
188449,Ribes uva-crispa,ForestDryPoor
188450,Ribes uva-crispa,ForestDryPoor
188451,Ribes uva-crispa,ForestDryPoor
188452,Ribes uva-crispa,ForestDryPoor
188453,Ribes uva-crispa,ForestDryPoor
188454,Ribes uva-crispa,ForestDryPoor
188455,Ribes uva-crispa,ForestDryPoor
188456,Ribes uva-crispa,ForestDryPoor
188457,Ribes uva-crispa,ForestDryPoor
188458,Ribes uva-crispa,ForestDryPoor
188459,Ribes uva-crispa,ForestDryPoor
188460,Ribes uva-crispa,ForestDryPoor
188461,Ribes uva-crispa,ForestDryPoor
188462,Ribes uva-crispa,ForestDryPoor
189042,Ribes uva-crispa,ForestDryPoor
189043,Ribes uva-crispa,ForestDryPoor
189044,Ribes uva-crispa,ForestDryPoor
189045,Ribes uva-crispa,ForestDryPoor
189046,Ribes uva-crispa,ForestDryPoor
189047,Ribes uva-crispa,ForestDryPoor
189048,Ribes uva-crispa,ForestDryPoor
189049,Ribes uva-crispa,ForestDryPoor
189050,Ribes uva-crispa,ForestDryPoor
189051,Ribes uva-crispa,ForestDryPoor
189052,Ribes uva-crispa,ForestDryPoor
189053,Ribes uva-crispa,ForestDryPoor
189054,Ribes uva-crispa,ForestDryPoor
189055,Ribes uva-crispa,ForestDryPoor
189056,Ribes uva-crispa,ForestDryPoor
189057,Ribes uva-crispa,ForestDryPoor
189058,Ribes uva-crispa,ForestDryPoor
189059,Ribes uva-crispa,ForestDryPoor
189060,Ribes uva-crispa,ForestDryPoor
189061,Ribes uva-crispa,ForestDryPoor
189641,Ribes uva-crispa,ForestDryPoor
189642,Ribes uva-crispa,ForestDryPoor
189643,Ribes uva-crispa,ForestDryPoor
189644,Ribes uva-crispa,ForestDryPoor
189645,Ribes uva-crispa,ForestDryPoor
189646,Ribes uva-crispa,ForestDryPoor
189647,Ribes uva-crispa,ForestDryPoor
189648,Ribes uva-crispa,ForestDryPoor
189649,Ribes uva-crispa,ForestDryPoor
189650,Ribes uva-crispa,ForestDryPoor
189651,Ribes uva-crispa,ForestDryPoor
189652,Ribes uva-crispa,ForestDryPoor
189653,Ribes uva-crispa,ForestDryPoor
189654,Ribes uva-crispa,ForestDryPoor
189655,Ribes uva-crispa,ForestDryPoor
189656,Ribes uva-crispa,ForestDryPoor
189657,Ribes uva-crispa,ForestDryPoor
189658,Ribes uva-crispa,ForestDryPoor
189659,Ribes uva-crispa,ForestDryPoor
189660,Ribes uva-crispa,ForestDryPoor
190240,Ribes uva-crispa,ForestDryPoor
190241,Ribes uva-crispa,ForestDryPoor
190242,Ribes uva-crispa,ForestDryPoor
190243,Ribes uva-crispa,ForestDryPoor
190244,Ribes uva-crispa,ForestDryPoor
190245,Ribes uva-crispa,ForestDryPoor
190246,Ribes uva-crispa,ForestDryPoor
190247,Ribes uva-crispa,ForestDryPoor
190248,Ribes uva-crispa,ForestDryPoor
190249,Ribes uva-crispa,ForestDryPoor
190250,Ribes uva-crispa,ForestDryPoor
190251,Ribes uva-crispa,ForestDryPoor
190252,Ribes uva-crispa,ForestDryPoor
190253,Ribes uva-crispa,ForestDryPoor
190254,Ribes uva-crispa,ForestDryPoor
190255,Ribes uva-crispa,ForestDryPoor
190256,Ribes uva-crispa,ForestDryPoor
190257,Ribes uva-crispa,ForestDryPoor
190258,Ribes uva-crispa,ForestDryPoor
190259,Ribes uva-crispa,ForestDryPoor
190839,Ribes uva-crispa,ForestDryPoor
190840,Ribes uva-crispa,ForestDryPoor
190841,Ribes uva-crispa,ForestDryPoor
190842,Ribes uva-crispa,ForestDryPoor
190843,Ribes uva-crispa,ForestDryPoor
190844,Ribes uva-crispa,ForestDryPoor
190845,Ribes uva-crispa,ForestDryPoor
190846,Ribes uva-crispa,ForestDryPoor
190847,Ribes uva-crispa,ForestDryPoor
190848,Ribes uva-crispa,ForestDryPoor
190849,Ribes uva-crispa,ForestDryPoor
190850,Ribes uva-crispa,ForestDryPoor
190851,Ribes uva-crispa,ForestDryPoor
190852,Ribes uva-crispa,ForestDryPoor
190853,Ribes uva-crispa,ForestDryPoor
190854,Ribes uva-crispa,ForestDryPoor
190855,Ribes uva-crispa,ForestDryPoor
190856,Ribes uva-crispa,ForestDryPoor
190857,Ribes uva-crispa,ForestDryPoor
190858,Ribes uva-crispa,ForestDryPoor
191438,Ribes uva-crispa,ForestDryPoor
191439,Ribes uva-crispa,ForestDryPoor
191440,Ribes uva-crispa,ForestDryPoor
191441,Ribes uva-crispa,ForestDryPoor
191442,Ribes uva-crispa,ForestDryPoor
191443,Ribes uva-crispa,ForestDryPoor
191444,Ribes uva-crispa,ForestDryPoor
191445,Ribes uva-crispa,ForestDryPoor
191446,Ribes uva-crispa,ForestDryPoor
191447,Ribes uva-crispa,ForestDryPoor
191448,Ribes uva-crispa,ForestDryPoor
191449,Ribes uva-crispa,ForestDryPoor
191450,Ribes uva-crispa,ForestDryPoor
191451,Ribes uva-crispa,ForestDryPoor
191452,Ribes uva-crispa,ForestDryPoor
191453,Ribes uva-crispa,ForestDryPoor
191454,Ribes uva-crispa,ForestDryPoor
191455,Ribes uva-crispa,ForestDryPoor
191456,Ribes uva-crispa,ForestDryPoor
191457,Ribes uva-crispa,ForestDryPoor
192037,Ribes uva-crispa,ForestDryPoor
192038,Ribes uva-crispa,ForestDryPoor
192039,Ribes uva-crispa,ForestDryPoor
192040,Ribes uva-crispa,ForestDryPoor
192041,Ribes uva-crispa,ForestDryPoor
192042,Ribes uva-crispa,ForestDryPoor
192043,Ribes uva-crispa,ForestDryPoor
192044,Ribes uva-crispa,ForestDryPoor
192045,Ribes uva-crispa,ForestDryPoor
192046,Ribes uva-crispa,ForestDryPoor
192047,Ribes uva-crispa,ForestDryPoor
192048,Ribes uva-crispa,ForestDryPoor
192049,Ribes uva-crispa,ForestDryPoor
192050,Ribes uva-crispa,ForestDryPoor
192051,Ribes uva-crispa,ForestDryPoor
192052,Ribes uva-crispa,ForestDryPoor
192053,Ribes uva-crispa,ForestDryPoor
192054,Ribes uva-crispa,ForestDryPoor
192055,Ribes uva-crispa,ForestDryPoor
192056,Ribes uva-crispa,ForestDryPoor
192636,Ribes uva-crispa,ForestDryPoor
192637,Ribes uva-crispa,ForestDryPoor
192638,Ribes uva-crispa,ForestDryPoor
192639,Ribes uva-crispa,ForestDryPoor
192640,Ribes uva-crispa,ForestDryPoor
192641,Ribes uva-crispa,ForestDryPoor
192642,Ribes uva-crispa,ForestDryPoor
192643,Ribes uva-crispa,ForestDryPoor
192644,Ribes uva-crispa,ForestDryPoor
192645,Ribes uva-crispa,ForestDryPoor
192646,Ribes uva-crispa,ForestDryPoor
192647,Ribes uva-crispa,ForestDryPoor
192648,Ribes uva-crispa,ForestDryPoor
192649,Ribes uva-crispa,ForestDryPoor
192650,Ribes uva-crispa,ForestDryPoor
192651,Ribes uva-crispa,ForestDryPoor
192652,Ribes uva-crispa,ForestDryPoor
192653,Ribes uva-crispa,ForestDryPoor
192654,Ribes uva-crispa,ForestDryPoor
192655,Ribes uva-crispa,ForestDryPoor
193235,Ribes uva-crispa,ForestDryPoor
193236,Ribes uva-crispa,ForestDryPoor
193237,Ribes uva-crispa,ForestDryPoor
193238,Ribes uva-crispa,ForestDryPoor
193239,Ribes uva-crispa,ForestDryPoor
193240,Ribes uva-crispa,ForestDryPoor
193241,Ribes uva-crispa,ForestDryPoor
193242,Ribes uva-crispa,ForestDryPoor
193243,Ribes uva-crispa,ForestDryPoor
193244,Ribes uva-crispa,ForestDryPoor
193245,Ribes uva-crispa,ForestDryPoor
193246,Ribes uva-crispa,ForestDryPoor
193247,Ribes uva-crispa,ForestDryPoor
193248,Ribes uva-crispa,ForestDryPoor
193249,Ribes uva-crispa,ForestDryPoor
193250,Ribes uva-crispa,ForestDryPoor
193251,Ribes uva-crispa,ForestDryPoor
193252,Ribes uva-crispa,ForestDryPoor
193253,Ribes uva-crispa,ForestDryPoor
193254,Ribes uva-crispa,ForestDryPoor
193834,Ribes uva-crispa,ForestDryPoor
193835,Ribes uva-crispa,ForestDryPoor
193836,Ribes uva-crispa,ForestDryPoor
193837,Ribes uva-crispa,ForestDryPoor
193838,Ribes uva-crispa,ForestDryPoor
193839,Ribes uva-crispa,ForestDryPoor
193840,Ribes uva-crispa,ForestDryPoor
193841,Ribes uva-crispa,ForestDryPoor
193842,Ribes uva-crispa,ForestDryPoor
193843,Ribes uva-crispa,ForestDryPoor
193844,Ribes uva-crispa,ForestDryPoor
193845,Ribes uva-crispa,ForestDryPoor
193846,Ribes uva-crispa,ForestDryPoor
193847,Ribes uva-crispa,ForestDryPoor
193848,Ribes uva-crispa,ForestDryPoor
193849,Ribes uva-crispa,ForestDryPoor
193850,Ribes uva-crispa,ForestDryPoor
193851,Ribes uva-crispa,ForestDryPoor
193852,Ribes uva-crispa,ForestDryPoor
193853,Ribes uva-crispa,ForestDryPoor
